{"cameraMode":{"drawMode":0,"name":"Shaded","section":"Shading Mode"},"sceneLighting":false,"audioPlay":false,"sceneViewState":{"showFog":true,"showMaterialUpdate":false,"showSkybox":true,"showFlares":true,"showImageEffects":true,"showParticleSystems":true},"in2DMode":false,"pivot":{"x":0.48441436886787417,"y":1.8298183679580689,"z":-23.108610153198243},"rotation":{"x":-0.08859813958406449,"y":-0.04629703238606453,"z":0.004122140351682901,"w":-0.9949824213981628},"size":4.96661901473999,"orthographic":false}