{"cameraMode":{"drawMode":0,"name":"Shaded","section":"Shading Mode"},"sceneLighting":false,"audioPlay":false,"sceneViewState":{"showFog":true,"showMaterialUpdate":false,"showSkybox":true,"showFlares":true,"showImageEffects":true,"showParticleSystems":true},"in2DMode":false,"pivot":{"x":0.001207113265991211,"y":1.9767988920211793,"z":0.0045087337493896488},"rotation":{"x":0.30923929810523989,"y":-0.005705846939235926,"z":0.0018554545240476728,"w":0.9509653449058533},"size":3.7906594276428224,"orthographic":false}