{"cameraMode":{"drawMode":0,"name":"Shaded","section":"Shading Mode"},"sceneLighting":false,"audioPlay":false,"sceneViewState":{"showFog":true,"showMaterialUpdate":false,"showSkybox":true,"showFlares":true,"showImageEffects":true,"showParticleSystems":true},"in2DMode":false,"pivot":{"x":-0.4130058288574219,"y":2.2599897384643556,"z":0.08234310150146485},"rotation":{"x":-1.1494430651737275e-7,"y":-0.9951625466346741,"z":7.688138907724351e-7,"w":0.09824223071336746},"size":6.379856109619141,"orthographic":false}