{"cameraMode":{"drawMode":0,"name":"Shaded","section":"Shading Mode"},"sceneLighting":false,"audioPlay":false,"sceneViewState":{"showFog":true,"showMaterialUpdate":false,"showSkybox":true,"showFlares":true,"showImageEffects":true,"showParticleSystems":true},"in2DMode":false,"pivot":{"x":0.06000000238418579,"y":1.0499999523162842,"z":1.0499999523162842},"rotation":{"x":0.012533288449048996,"y":-0.897721529006958,"z":0.025592124089598657,"w":0.43964096903800967},"size":1.4289418458938599,"orthographic":false}